{
  "epoch": 7,
  "val_loss": 1.194888785481453,
  "val_rmse": 3.019403362697118,
  "invalid_ratio": 0.0,
  "final_invalid_ratio": 0.0
}