{
  "epoch": 1,
  "val_loss": 4.264862537384033,
  "val_c_index": 6.421273333333334,
  "val_ibs": 0.0,
  "invalid_ratio": 1.0,
  "final_invalid_ratio": 1.0
}