id,true_target_time,pred_time,observed_time,status
12,10.397,7.0850566666666674,3.976701608145457,0
267,10.8089,7.0850566666666674,6.969679775838942,0
171,8.1526,7.0850566666666674,3.8218252218215136,0
18,8.0642,7.0850566666666674,3.013480880952,0
217,0.6505,7.0850566666666674,0.6504423122657358,1
166,0.5608,7.0850566666666674,0.5607673504873966,1
278,8.3389,7.0850566666666674,3.4473392832570307,0
35,13.3786,7.0850566666666674,6.199527703992091,0
128,8.32,7.0850566666666674,4.936151110205753,0
205,4.8426,7.0850566666666674,4.842575788469357,1
182,2.9823,7.0850566666666674,2.9822853283585053,1
202,7.0931,7.0850566666666674,3.309318758168767,0
178,4.4513,7.0850566666666674,4.451282144285095,1
168,8.7898,7.0850566666666674,5.263151891445645,0
218,11.1487,7.0850566666666674,4.905138405535016,0
231,9.7669,7.0850566666666674,5.5867751321055605,0
213,2.833,7.0850566666666674,2.832976110661778,1
253,4.6944,7.0850566666666674,4.694348632669821,1
74,9.0201,7.0850566666666674,4.38466597378744,0
23,4.1864,7.0850566666666674,4.186377703957,1
106,8.411,7.0850566666666674,5.843877417626303,0
203,7.3019,7.0850566666666674,5.448127652340573,0
36,9.3974,7.0850566666666674,3.4708354056405857,0
208,10.2759,7.0850566666666674,6.931826771879195,0
199,12.3161,7.0850566666666674,7.033968465788194,0
211,5.3496,7.0850566666666674,5.349560092672766,1
185,3.2924,7.0850566666666674,3.292382902136432,1
263,6.9215,7.0850566666666674,3.926940280342168,0
109,9.7947,7.0850566666666674,7.518492279037069,0
28,1.0111,7.0850566666666674,1.0110761870036122,1
