{
  "epoch": 7,
  "val_loss": 1.1777749359607697,
  "val_rmse": 3.1436279466035204,
  "invalid_ratio": 0.0,
  "final_invalid_ratio": 0.0
}