{
  "epoch": 4,
  "val_loss": 1.4199848175048828,
  "val_rmse": 2.8965709612114345,
  "invalid_ratio": 1.0,
  "final_invalid_ratio": 0.0
}