{
  "epoch": 7,
  "val_loss": 1.308922216296196,
  "val_rmse": 2.882576393899504,
  "invalid_ratio": 0.0,
  "final_invalid_ratio": 0.0
}