{
  "epoch": 1,
  "val_loss": 1.4383339722951254,
  "val_rmse": 2.9855369554223983,
  "invalid_ratio": 1.0,
  "final_invalid_ratio": 0.0
}