id,true_target_time,pred_time,observed_time,status
12,10.4,7.06,3.976701608145457,0
267,10.81,7.7940000000000005,6.969679775838942,0
171,8.15,6.518421052631578,3.8218252218215136,0
18,8.06,0.5,3.013480880952,0
217,0.65,5.652638888888889,0.6504423122657358,1
166,0.56,7.7940000000000005,0.5607673504873966,1
278,8.34,4.23,3.4473392832570307,0
35,13.38,9.655263157894737,6.199527703992091,0
128,8.32,1.0,4.936151110205753,0
205,4.84,6.518421052631578,4.842575788469357,1
182,2.98,5.652638888888889,2.9822853283585053,1
202,7.09,5.652638888888889,3.309318758168767,0
178,4.45,6.29,4.451282144285095,1
168,8.79,5.652638888888889,5.263151891445645,0
218,11.15,9.655263157894737,4.905138405535016,0
231,9.77,7.7940000000000005,5.5867751321055605,0
213,2.83,7.7940000000000005,2.832976110661778,1
253,4.69,8.4,4.694348632669821,1
74,9.02,7.7940000000000005,4.38466597378744,0
23,4.19,5.652638888888889,4.186377703957,1
106,8.41,5.652638888888889,5.843877417626303,0
203,7.3,5.652638888888889,5.448127652340573,0
36,9.4,7.7940000000000005,3.4708354056405857,0
208,10.28,7.7940000000000005,6.931826771879195,0
199,12.32,4.01,7.033968465788194,0
211,5.35,9.16,5.349560092672766,1
185,3.29,4.702307692307692,3.292382902136432,1
263,6.92,1.38,3.926940280342168,0
109,9.79,7.470526315789473,7.518492279037069,0
28,1.01,0.78,1.0110761870036122,1
