{
  "epoch": 6,
  "val_loss": 1.324868619441986,
  "val_rmse": 3.570999393260473,
  "invalid_ratio": 0.0,
  "final_invalid_ratio": 0.0
}