{
  "epoch": 6,
  "val_loss": 1.2981363534927368,
  "val_rmse": 3.010649985191459,
  "invalid_ratio": 0.0,
  "final_invalid_ratio": 0.0
}